64444,/smc8/Melody1/Sequencer1/Slider0,i,85
64642,/smc8/Melody1/Sequencer1/Slider0,i,170
64793,/smc8/Melody1/Sequencer1/Slider0,i,255
64945,/smc8/Melody1/Sequencer1/Slider0,i,341
65079,/smc8/Melody1/Sequencer1/Slider0,i,426
65162,/smc8/Melody1/Sequencer1/Slider0,i,511
65293,/smc8/Melody1/Sequencer1/Slider0,i,596
71450,/smc8/Melody1/Sequencer1/Slider0,i,511
71499,/smc8/Melody1/Sequencer1/Slider0,i,426
71514,/smc8/Melody1/Sequencer1/Slider0,i,341
71550,/smc8/Melody1/Sequencer1/Slider0,i,255
73165,/smc8/Melody1/Sequencer1/Slider1,i,85
73284,/smc8/Melody1/Sequencer1/Slider1,i,170
73349,/smc8/Melody1/Sequencer1/Slider1,i,255
73799,/smc8/Melody1/Sequencer1/Slider1,i,170
75500,/smc8/Melody1/Sequencer1/Slider2,i,85
75784,/smc8/Melody1/Sequencer1/Slider2,i,170
75833,/smc8/Melody1/Sequencer1/Slider2,i,255
76916,/smc8/Melody1/Sequencer1/Slider2,i,341
76950,/smc8/Melody1/Sequencer1/Slider2,i,426
78032,/smc8/Melody1/Sequencer1/Slider3,i,85
78182,/smc8/Melody1/Sequencer1/Slider3,i,170
78216,/smc8/Melody1/Sequencer1/Slider3,i,255
78250,/smc8/Melody1/Sequencer1/Slider3,i,341
78300,/smc8/Melody1/Sequencer1/Slider3,i,426
78383,/smc8/Melody1/Sequencer1/Slider3,i,511
78467,/smc8/Melody1/Sequencer1/Slider3,i,596
79483,/smc8/Melody1/Sequencer1/Slider4,i,85
79585,/smc8/Melody1/Sequencer1/Slider4,i,170
79600,/smc8/Melody1/Sequencer1/Slider4,i,255
79616,/smc8/Melody1/Sequencer1/Slider4,i,341
79650,/smc8/Melody1/Sequencer1/Slider4,i,511
79683,/smc8/Melody1/Sequencer1/Slider4,i,596
79717,/smc8/Melody1/Sequencer1/Slider4,i,682
80834,/smc8/Melody1/Sequencer1/Slider5,i,85
80950,/smc8/Melody1/Sequencer1/Slider5,i,170
80984,/smc8/Melody1/Sequencer1/Slider5,i,255
81017,/smc8/Melody1/Sequencer1/Slider5,i,341
81034,/smc8/Melody1/Sequencer1/Slider5,i,426
81083,/smc8/Melody1/Sequencer1/Slider5,i,511
81151,/smc8/Melody1/Sequencer1/Slider5,i,596
81217,/smc8/Melody1/Sequencer1/Slider5,i,682
81283,/smc8/Melody1/Sequencer1/Slider5,i,767
82417,/smc8/Melody1/Sequencer1/Slider6,i,85
82500,/smc8/Melody1/Sequencer1/Slider6,i,170
82534,/smc8/Melody1/Sequencer1/Slider6,i,255
82566,/smc8/Melody1/Sequencer1/Slider6,i,341
83399,/smc8/Melody1/Sequencer1/Slider7,i,85
83468,/smc8/Melody1/Sequencer1/Slider7,i,170
83484,/smc8/Melody1/Sequencer1/Slider7,i,255
83501,/smc8/Melody1/Sequencer1/Slider7,i,426
83517,/smc8/Melody1/Sequencer1/Slider7,i,511
83534,/smc8/Melody1/Sequencer1/Slider7,i,596
83551,/smc8/Melody1/Sequencer1/Slider7,i,682
83784,/smc8/Melody1/Sequencer1/Slider7,i,596
83833,/smc8/Melody1/Sequencer1/Slider7,i,511
83999,/smc8/Melody1/Sequencer1/Slider7,i,426
87598,/smc8/Rhythm1/Sequencer1/Slider0,i,0
87599,/smc8/Rhythm1/Sequencer1/Slider1,i,0
87599,/smc8/Rhythm1/Sequencer1/Slider2,i,0
87600,/smc8/Rhythm1/Sequencer1/Slider3,i,0
87600,/smc8/Rhythm1/Sequencer1/Slider4,i,0
87600,/smc8/Rhythm1/Sequencer1/Slider5,i,0
87601,/smc8/Rhythm1/Sequencer1/Slider6,i,0
87601,/smc8/Rhythm1/Sequencer1/Slider7,i,0
90875,/smc8/Melody1/PerformanceModifiers1/Knob3,i,1023
92629,/smc8/Melody1/PerformanceModifiers1/Knob3,i,852
94596,/smc8/Melody1/PerformanceModifiers1/Knob3,i,1023
95063,/smc8/Melody1/PerformanceModifiers1/Knob3,i,852
95146,/smc8/Melody1/PerformanceModifiers1/Knob3,i,1023
99714,/smc8/Melody1/PerformanceModifiers1/Knob3,i,682
100597,/smc8/Melody1/PerformanceModifiers1/Knob3,i,511
101595,/smc8/Melody1/PerformanceModifiers1/Knob3,i,341
103179,/smc8/Melody1/PerformanceModifiers1/Knob3,i,170
105481,/smc8/Melody1/PerformanceModifiers1/Knob2,i,506
105515,/smc8/Melody1/PerformanceModifiers1/Knob2,i,501
105565,/smc8/Melody1/PerformanceModifiers1/Knob2,i,496
105599,/smc8/Melody1/PerformanceModifiers1/Knob2,i,491
105698,/smc8/Melody1/PerformanceModifiers1/Knob2,i,486
105881,/smc8/Melody1/PerformanceModifiers1/Knob2,i,481
105915,/smc8/Melody1/PerformanceModifiers1/Knob2,i,476
106065,/smc8/Melody1/PerformanceModifiers1/Knob2,i,471
106113,/smc8/Melody1/PerformanceModifiers1/Knob2,i,465
106148,/smc8/Melody1/PerformanceModifiers1/Knob2,i,460
106165,/smc8/Melody1/PerformanceModifiers1/Knob2,i,455
106232,/smc8/Melody1/PerformanceModifiers1/Knob2,i,450
106498,/smc8/Melody1/PerformanceModifiers1/Knob2,i,455
106514,/smc8/Melody1/PerformanceModifiers1/Knob2,i,460
106648,/smc8/Melody1/PerformanceModifiers1/Knob2,i,455
106665,/smc8/Melody1/PerformanceModifiers1/Knob2,i,450
106732,/smc8/Melody1/PerformanceModifiers1/Knob2,i,455
106747,/smc8/Melody1/PerformanceModifiers1/Knob2,i,465
106765,/smc8/Melody1/PerformanceModifiers1/Knob2,i,471
106782,/smc8/Melody1/PerformanceModifiers1/Knob2,i,481
106798,/smc8/Melody1/PerformanceModifiers1/Knob2,i,491
106815,/smc8/Melody1/PerformanceModifiers1/Knob2,i,496
106832,/smc8/Melody1/PerformanceModifiers1/Knob2,i,501
106849,/smc8/Melody1/PerformanceModifiers1/Knob2,i,506
106866,/smc8/Melody1/PerformanceModifiers1/Knob2,i,517
106882,/smc8/Melody1/PerformanceModifiers1/Knob2,i,522
106899,/smc8/Melody1/PerformanceModifiers1/Knob2,i,527
106914,/smc8/Melody1/PerformanceModifiers1/Knob2,i,537
106932,/smc8/Melody1/PerformanceModifiers1/Knob2,i,547
106949,/smc8/Melody1/PerformanceModifiers1/Knob2,i,552
106968,/smc8/Melody1/PerformanceModifiers1/Knob2,i,558
106981,/smc8/Melody1/PerformanceModifiers1/Knob2,i,563
106999,/smc8/Melody1/PerformanceModifiers1/Knob2,i,568
107016,/smc8/Melody1/PerformanceModifiers1/Knob2,i,573
107032,/smc8/Melody1/PerformanceModifiers1/Knob2,i,578
107049,/smc8/Melody1/PerformanceModifiers1/Knob2,i,583
107066,/smc8/Melody1/PerformanceModifiers1/Knob2,i,588
107098,/smc8/Melody1/PerformanceModifiers1/Knob2,i,593
107147,/smc8/Melody1/PerformanceModifiers1/Knob2,i,598
107215,/smc8/Melody1/PerformanceModifiers1/Knob2,i,604
107399,/smc8/Melody1/PerformanceModifiers1/Knob2,i,609
107547,/smc8/Melody1/PerformanceModifiers1/Knob2,i,614
107564,/smc8/Melody1/PerformanceModifiers1/Knob2,i,619
107583,/smc8/Melody1/PerformanceModifiers1/Knob2,i,629
107599,/smc8/Melody1/PerformanceModifiers1/Knob2,i,634
107615,/smc8/Melody1/PerformanceModifiers1/Knob2,i,644
107632,/smc8/Melody1/PerformanceModifiers1/Knob2,i,650
107648,/smc8/Melody1/PerformanceModifiers1/Knob2,i,660
107666,/smc8/Melody1/PerformanceModifiers1/Knob2,i,665
107682,/smc8/Melody1/PerformanceModifiers1/Knob2,i,675
107699,/smc8/Melody1/PerformanceModifiers1/Knob2,i,680
107715,/smc8/Melody1/PerformanceModifiers1/Knob2,i,685
107731,/smc8/Melody1/PerformanceModifiers1/Knob2,i,691
107747,/smc8/Melody1/PerformanceModifiers1/Knob2,i,696
107765,/smc8/Melody1/PerformanceModifiers1/Knob2,i,701
107782,/smc8/Melody1/PerformanceModifiers1/Knob2,i,711
107799,/smc8/Melody1/PerformanceModifiers1/Knob2,i,716
107815,/smc8/Melody1/PerformanceModifiers1/Knob2,i,721
107833,/smc8/Melody1/PerformanceModifiers1/Knob2,i,726
107848,/smc8/Melody1/PerformanceModifiers1/Knob2,i,731
107865,/smc8/Melody1/PerformanceModifiers1/Knob2,i,742
107881,/smc8/Melody1/PerformanceModifiers1/Knob2,i,747
107899,/smc8/Melody1/PerformanceModifiers1/Knob2,i,752
107916,/smc8/Melody1/PerformanceModifiers1/Knob2,i,757
107932,/smc8/Melody1/PerformanceModifiers1/Knob2,i,762
107948,/smc8/Melody1/PerformanceModifiers1/Knob2,i,767
107966,/smc8/Melody1/PerformanceModifiers1/Knob2,i,772
107984,/smc8/Melody1/PerformanceModifiers1/Knob2,i,777
108067,/smc8/Melody1/PerformanceModifiers1/Knob2,i,772
108084,/smc8/Melody1/PerformanceModifiers1/Knob2,i,762
108100,/smc8/Melody1/PerformanceModifiers1/Knob2,i,747
108116,/smc8/Melody1/PerformanceModifiers1/Knob2,i,721
108133,/smc8/Melody1/PerformanceModifiers1/Knob2,i,701
108149,/smc8/Melody1/PerformanceModifiers1/Knob2,i,675
108166,/smc8/Melody1/PerformanceModifiers1/Knob2,i,639
108183,/smc8/Melody1/PerformanceModifiers1/Knob2,i,619
108200,/smc8/Melody1/PerformanceModifiers1/Knob2,i,604
108216,/smc8/Melody1/PerformanceModifiers1/Knob2,i,593
108234,/smc8/Melody1/PerformanceModifiers1/Knob2,i,583
108251,/smc8/Melody1/PerformanceModifiers1/Knob2,i,573
108268,/smc8/Melody1/PerformanceModifiers1/Knob2,i,563
108285,/smc8/Melody1/PerformanceModifiers1/Knob2,i,552
108301,/smc8/Melody1/PerformanceModifiers1/Knob2,i,542
108318,/smc8/Melody1/PerformanceModifiers1/Knob2,i,527
108334,/smc8/Melody1/PerformanceModifiers1/Knob2,i,517
108351,/smc8/Melody1/PerformanceModifiers1/Knob2,i,506
108367,/smc8/Melody1/PerformanceModifiers1/Knob2,i,496
108383,/smc8/Melody1/PerformanceModifiers1/Knob2,i,476
108399,/smc8/Melody1/PerformanceModifiers1/Knob2,i,460
108416,/smc8/Melody1/PerformanceModifiers1/Knob2,i,445
108433,/smc8/Melody1/PerformanceModifiers1/Knob2,i,425
108450,/smc8/Melody1/PerformanceModifiers1/Knob2,i,409
108466,/smc8/Melody1/PerformanceModifiers1/Knob2,i,399
108485,/smc8/Melody1/PerformanceModifiers1/Knob2,i,389
108501,/smc8/Melody1/PerformanceModifiers1/Knob2,i,384
108517,/smc8/Melody1/PerformanceModifiers1/Knob2,i,373
108534,/smc8/Melody1/PerformanceModifiers1/Knob2,i,368
108550,/smc8/Melody1/PerformanceModifiers1/Knob2,i,363
108566,/smc8/Melody1/PerformanceModifiers1/Knob2,i,353
108582,/smc8/Melody1/PerformanceModifiers1/Knob2,i,343
108600,/smc8/Melody1/PerformanceModifiers1/Knob2,i,327
108617,/smc8/Melody1/PerformanceModifiers1/Knob2,i,317
108633,/smc8/Melody1/PerformanceModifiers1/Knob2,i,307
108650,/smc8/Melody1/PerformanceModifiers1/Knob2,i,297
108670,/smc8/Melody1/PerformanceModifiers1/Knob2,i,292
108684,/smc8/Melody1/PerformanceModifiers1/Knob2,i,281
108701,/smc8/Melody1/PerformanceModifiers1/Knob2,i,276
108718,/smc8/Melody1/PerformanceModifiers1/Knob2,i,271
108735,/smc8/Melody1/PerformanceModifiers1/Knob2,i,266
108750,/smc8/Melody1/PerformanceModifiers1/Knob2,i,261
108783,/smc8/Melody1/PerformanceModifiers1/Knob2,i,256
108816,/smc8/Melody1/PerformanceModifiers1/Knob2,i,251
108833,/smc8/Melody1/PerformanceModifiers1/Knob2,i,246
108849,/smc8/Melody1/PerformanceModifiers1/Knob2,i,240
108883,/smc8/Melody1/PerformanceModifiers1/Knob2,i,235
108933,/smc8/Melody1/PerformanceModifiers1/Knob2,i,230
109066,/smc8/Melody1/PerformanceModifiers1/Knob2,i,225
109266,/smc8/Melody1/PerformanceModifiers1/Knob2,i,220
110382,/smc8/Melody1/PerformanceModifiers1/Knob0,i,1023
111974,/smc8/Melody1/PerformanceModifiers1/Knob0,i,0
112675,/smc8/Melody1/PerformanceModifiers1/Knob0,i,1023
115057,/smc8/Melody1/PerformanceModifiers1/Knob0,i,0
115792,/smc8/Melody1/PerformanceModifiers1/Knob0,i,341
139335,/smc8/Melody1/SoundModifiers1/Knob0,i,341
140353,/smc8/Melody1/SoundModifiers1/Knob0,i,682
142020,/smc8/Melody1/SoundModifiers1/Knob0,i,1023
143169,/smc8/Melody1/SoundModifiers1/Knob0,i,682
143719,/smc8/Melody1/SoundModifiers1/Knob0,i,341
144103,/smc8/Melody1/SoundModifiers1/Knob0,i,0
146338,/smc8/Melody1/PerformanceModifiers1/Knob1,i,186
147190,/smc8/Melody1/PerformanceModifiers1/Knob1,i,279
147656,/smc8/Melody1/PerformanceModifiers1/Knob1,i,465
150039,/smc8/Console0/Broadcast0/Knob1,i,1023
150161,/smc8/Console0/Broadcast0/Knob1,i,1012
150178,/smc8/Console0/Broadcast0/Knob1,i,1007
150211,/smc8/Console0/Broadcast0/Knob1,i,1002
150276,/smc8/Console0/Broadcast0/Knob1,i,997
150310,/smc8/Console0/Broadcast0/Knob1,i,992
150795,/smc8/Console0/Broadcast0/Knob1,i,997
150975,/smc8/Console0/Broadcast0/Knob1,i,992
151013,/smc8/Console0/Broadcast0/Knob1,i,987
151045,/smc8/Console0/Broadcast0/Knob1,i,976
151061,/smc8/Console0/Broadcast0/Knob1,i,971
151079,/smc8/Console0/Broadcast0/Knob1,i,966
151093,/smc8/Console0/Broadcast0/Knob1,i,961
151111,/smc8/Console0/Broadcast0/Knob1,i,956
151126,/smc8/Console0/Broadcast0/Knob1,i,951
151143,/smc8/Console0/Broadcast0/Knob1,i,946
151159,/smc8/Console0/Broadcast0/Knob1,i,941
151176,/smc8/Console0/Broadcast0/Knob1,i,930
151192,/smc8/Console0/Broadcast0/Knob1,i,925
151228,/smc8/Console0/Broadcast0/Knob1,i,920
151260,/smc8/Console0/Broadcast0/Knob1,i,915
151479,/smc8/Console0/Broadcast0/Knob1,i,920
151559,/smc8/Console0/Broadcast0/Knob1,i,925
151727,/smc8/Console0/Broadcast0/Knob1,i,920
151743,/smc8/Console0/Broadcast0/Knob1,i,915
151761,/smc8/Console0/Broadcast0/Knob1,i,910
151776,/smc8/Console0/Broadcast0/Knob1,i,905
151793,/smc8/Console0/Broadcast0/Knob1,i,900
151809,/smc8/Console0/Broadcast0/Knob1,i,890
151826,/smc8/Console0/Broadcast0/Knob1,i,884
151849,/smc8/Console0/Broadcast0/Knob1,i,874
151865,/smc8/Console0/Broadcast0/Knob1,i,864
151878,/smc8/Console0/Broadcast0/Knob1,i,859
152045,/smc8/Console0/Broadcast0/Knob1,i,864
152078,/smc8/Console0/Broadcast0/Knob1,i,869
152312,/smc8/Console0/Broadcast0/Knob1,i,874
152327,/smc8/Console0/Broadcast0/Knob1,i,879
152345,/smc8/Console0/Broadcast0/Knob1,i,884
152361,/smc8/Console0/Broadcast0/Knob1,i,890
152377,/smc8/Console0/Broadcast0/Knob1,i,895
152393,/smc8/Console0/Broadcast0/Knob1,i,900
152410,/smc8/Console0/Broadcast0/Knob1,i,905
152426,/smc8/Console0/Broadcast0/Knob1,i,910
152442,/smc8/Console0/Broadcast0/Knob1,i,915
153290,/smc8/Console0/Broadcast0/Knob1,i,922
153443,/smc8/Console0/Broadcast0/Knob1,i,917
153459,/smc8/Console0/Broadcast0/Knob1,i,912
153475,/smc8/Console0/Broadcast0/Knob1,i,907
153492,/smc8/Console0/Broadcast0/Knob1,i,901
153510,/smc8/Console0/Broadcast0/Knob1,i,891
153529,/smc8/Console0/Broadcast0/Knob1,i,886
153542,/smc8/Console0/Broadcast0/Knob1,i,876
153562,/smc8/Console0/Broadcast0/Knob1,i,866
153577,/smc8/Console0/Broadcast0/Knob1,i,855
153594,/smc8/Console0/Broadcast0/Knob1,i,845
153611,/smc8/Console0/Broadcast0/Knob1,i,840
153628,/smc8/Console0/Broadcast0/Knob1,i,830
153644,/smc8/Console0/Broadcast0/Knob1,i,825
153660,/smc8/Console0/Broadcast0/Knob1,i,820
153676,/smc8/Console0/Broadcast0/Knob1,i,814
153698,/smc8/Console0/Broadcast0/Knob1,i,809
153710,/smc8/Console0/Broadcast0/Knob1,i,799
153728,/smc8/Console0/Broadcast0/Knob1,i,794
153745,/smc8/Console0/Broadcast0/Knob1,i,789
153828,/smc8/Console0/Broadcast0/Knob1,i,794
153844,/smc8/Console0/Broadcast0/Knob1,i,809
153863,/smc8/Console0/Broadcast0/Knob1,i,820
153876,/smc8/Console0/Broadcast0/Knob1,i,835
153893,/smc8/Console0/Broadcast0/Knob1,i,850
153910,/smc8/Console0/Broadcast0/Knob1,i,871
153925,/smc8/Console0/Broadcast0/Knob1,i,891
153945,/smc8/Console0/Broadcast0/Knob1,i,896
153961,/smc8/Console0/Broadcast0/Knob1,i,901
153978,/smc8/Console0/Broadcast0/Knob1,i,907
154076,/smc8/Console0/Broadcast0/Knob1,i,901
154109,/smc8/Console0/Broadcast0/Knob1,i,896
154125,/smc8/Console0/Broadcast0/Knob1,i,891
154178,/smc8/Console0/Broadcast0/Knob1,i,886
154260,/smc8/Console0/Broadcast0/Knob1,i,881
154293,/smc8/Console0/Broadcast0/Knob1,i,876
154309,/smc8/Console0/Broadcast0/Knob1,i,871
154328,/smc8/Console0/Broadcast0/Knob1,i,860
154342,/smc8/Console0/Broadcast0/Knob1,i,850
154363,/smc8/Console0/Broadcast0/Knob1,i,845
154376,/smc8/Console0/Broadcast0/Knob1,i,835
154395,/smc8/Console0/Broadcast0/Knob1,i,825
154411,/smc8/Console0/Broadcast0/Knob1,i,820
154428,/smc8/Console0/Broadcast0/Knob1,i,814
154444,/smc8/Console0/Broadcast0/Knob1,i,809
155207,/smc8/Console0/Broadcast0/Knob1,i,1023
156407,/smc8/Console0/Broadcast0/Knob1,i,969
156823,/smc8/Console0/Broadcast0/Knob1,i,922
157289,/smc8/Console0/Broadcast0/Knob1,i,880
158145,/smc8/Console0/Broadcast0/Knob1,i,885
158956,/smc8/Console0/Broadcast0/Toggle2,i,1
161296,/smc8/Console0/Broadcast0/Toggle2,i,0
162665,/smc8/Melody1/PerformanceModifiers1/Knob4,i,506
162682,/smc8/Melody1/PerformanceModifiers1/Knob4,i,496
162698,/smc8/Melody1/PerformanceModifiers1/Knob4,i,481
162713,/smc8/Melody1/PerformanceModifiers1/Knob4,i,471
162731,/smc8/Melody1/PerformanceModifiers1/Knob4,i,460
162748,/smc8/Melody1/PerformanceModifiers1/Knob4,i,455
162765,/smc8/Melody1/PerformanceModifiers1/Knob4,i,445
162799,/smc8/Melody1/PerformanceModifiers1/Knob4,i,440
162815,/smc8/Melody1/PerformanceModifiers1/Knob4,i,435
162848,/smc8/Melody1/PerformanceModifiers1/Knob4,i,430
162865,/smc8/Melody1/PerformanceModifiers1/Knob4,i,425
162898,/smc8/Melody1/PerformanceModifiers1/Knob4,i,419
162915,/smc8/Melody1/PerformanceModifiers1/Knob4,i,414
162931,/smc8/Melody1/PerformanceModifiers1/Knob4,i,409
162948,/smc8/Melody1/PerformanceModifiers1/Knob4,i,404
162981,/smc8/Melody1/PerformanceModifiers1/Knob4,i,399
163066,/smc8/Melody1/PerformanceModifiers1/Knob4,i,394
163098,/smc8/Melody1/PerformanceModifiers1/Knob4,i,389
163115,/smc8/Melody1/PerformanceModifiers1/Knob4,i,384
163131,/smc8/Melody1/PerformanceModifiers1/Knob4,i,373
163148,/smc8/Melody1/PerformanceModifiers1/Knob4,i,363
163164,/smc8/Melody1/PerformanceModifiers1/Knob4,i,348
163181,/smc8/Melody1/PerformanceModifiers1/Knob4,i,338
163199,/smc8/Melody1/PerformanceModifiers1/Knob4,i,327
163216,/smc8/Melody1/PerformanceModifiers1/Knob4,i,322
163231,/smc8/Melody1/PerformanceModifiers1/Knob4,i,312
163248,/smc8/Melody1/PerformanceModifiers1/Knob4,i,307
163265,/smc8/Melody1/PerformanceModifiers1/Knob4,i,302
163282,/smc8/Melody1/PerformanceModifiers1/Knob4,i,297
163317,/smc8/Melody1/PerformanceModifiers1/Knob4,i,292
163348,/smc8/Melody1/PerformanceModifiers1/Knob4,i,286
163381,/smc8/Melody1/PerformanceModifiers1/Knob4,i,281
163415,/smc8/Melody1/PerformanceModifiers1/Knob4,i,276
163465,/smc8/Melody1/PerformanceModifiers1/Knob4,i,271
163498,/smc8/Melody1/PerformanceModifiers1/Knob4,i,266
163548,/smc8/Melody1/PerformanceModifiers1/Knob4,i,261
163565,/smc8/Melody1/PerformanceModifiers1/Knob4,i,256
163599,/smc8/Melody1/PerformanceModifiers1/Knob4,i,251
163615,/smc8/Melody1/PerformanceModifiers1/Knob4,i,246
163631,/smc8/Melody1/PerformanceModifiers1/Knob4,i,240
163648,/smc8/Melody1/PerformanceModifiers1/Knob4,i,235
163665,/smc8/Melody1/PerformanceModifiers1/Knob4,i,230
163701,/smc8/Melody1/PerformanceModifiers1/Knob4,i,225
163715,/smc8/Melody1/PerformanceModifiers1/Knob4,i,220
163748,/smc8/Melody1/PerformanceModifiers1/Knob4,i,215
163815,/smc8/Melody1/PerformanceModifiers1/Knob4,i,210
163849,/smc8/Melody1/PerformanceModifiers1/Knob4,i,205
163866,/smc8/Melody1/PerformanceModifiers1/Knob4,i,199
163882,/smc8/Melody1/PerformanceModifiers1/Knob4,i,194
163916,/smc8/Melody1/PerformanceModifiers1/Knob4,i,189
163932,/smc8/Melody1/PerformanceModifiers1/Knob4,i,184
163948,/smc8/Melody1/PerformanceModifiers1/Knob4,i,179
163965,/smc8/Melody1/PerformanceModifiers1/Knob4,i,174
163981,/smc8/Melody1/PerformanceModifiers1/Knob4,i,169
163997,/smc8/Melody1/PerformanceModifiers1/Knob4,i,164
164016,/smc8/Melody1/PerformanceModifiers1/Knob4,i,159
164031,/smc8/Melody1/PerformanceModifiers1/Knob4,i,153
164049,/smc8/Melody1/PerformanceModifiers1/Knob4,i,148
164198,/smc8/Melody1/PerformanceModifiers1/Knob4,i,153
164215,/smc8/Melody1/PerformanceModifiers1/Knob4,i,164
164231,/smc8/Melody1/PerformanceModifiers1/Knob4,i,169
164250,/smc8/Melody1/PerformanceModifiers1/Knob4,i,179
164265,/smc8/Melody1/PerformanceModifiers1/Knob4,i,189
164282,/smc8/Melody1/PerformanceModifiers1/Knob4,i,194
164301,/smc8/Melody1/PerformanceModifiers1/Knob4,i,205
164315,/smc8/Melody1/PerformanceModifiers1/Knob4,i,210
164332,/smc8/Melody1/PerformanceModifiers1/Knob4,i,215
164348,/smc8/Melody1/PerformanceModifiers1/Knob4,i,220
164366,/smc8/Melody1/PerformanceModifiers1/Knob4,i,225
164381,/smc8/Melody1/PerformanceModifiers1/Knob4,i,230
164399,/smc8/Melody1/PerformanceModifiers1/Knob4,i,235
164414,/smc8/Melody1/PerformanceModifiers1/Knob4,i,240
164431,/smc8/Melody1/PerformanceModifiers1/Knob4,i,246
164582,/smc8/Melody1/PerformanceModifiers1/Knob4,i,251
164598,/smc8/Melody1/PerformanceModifiers1/Knob4,i,256
164616,/smc8/Melody1/PerformanceModifiers1/Knob4,i,266
164632,/smc8/Melody1/PerformanceModifiers1/Knob4,i,276
164647,/smc8/Melody1/PerformanceModifiers1/Knob4,i,286
164665,/smc8/Melody1/PerformanceModifiers1/Knob4,i,297
164681,/smc8/Melody1/PerformanceModifiers1/Knob4,i,307
164697,/smc8/Melody1/PerformanceModifiers1/Knob4,i,317
164715,/smc8/Melody1/PerformanceModifiers1/Knob4,i,322
164732,/smc8/Melody1/PerformanceModifiers1/Knob4,i,332
164749,/smc8/Melody1/PerformanceModifiers1/Knob4,i,343
164766,/smc8/Melody1/PerformanceModifiers1/Knob4,i,358
164782,/smc8/Melody1/PerformanceModifiers1/Knob4,i,373
164798,/smc8/Melody1/PerformanceModifiers1/Knob4,i,389
164815,/smc8/Melody1/PerformanceModifiers1/Knob4,i,404
164831,/smc8/Melody1/PerformanceModifiers1/Knob4,i,425
164848,/smc8/Melody1/PerformanceModifiers1/Knob4,i,440
164865,/smc8/Melody1/PerformanceModifiers1/Knob4,i,455
165832,/smc8/Melody1/PerformanceModifiers1/Knob4,i,294
165952,/smc8/Melody1/PerformanceModifiers1/Knob4,i,289
165984,/smc8/Melody1/PerformanceModifiers1/Knob4,i,279
166001,/smc8/Melody1/PerformanceModifiers1/Knob4,i,274
166019,/smc8/Melody1/PerformanceModifiers1/Knob4,i,268
166055,/smc8/Melody1/PerformanceModifiers1/Knob4,i,263
166101,/smc8/Melody1/PerformanceModifiers1/Knob4,i,258
166152,/smc8/Melody1/PerformanceModifiers1/Knob4,i,253
166184,/smc8/Melody1/PerformanceModifiers1/Knob4,i,248
166234,/smc8/Melody1/PerformanceModifiers1/Knob4,i,243
166418,/smc8/Melody1/PerformanceModifiers1/Knob4,i,248
166434,/smc8/Melody1/PerformanceModifiers1/Knob4,i,253
166451,/smc8/Melody1/PerformanceModifiers1/Knob4,i,258
166470,/smc8/Melody1/PerformanceModifiers1/Knob4,i,263
166501,/smc8/Melody1/PerformanceModifiers1/Knob4,i,268
166534,/smc8/Melody1/PerformanceModifiers1/Knob4,i,274
167291,/smc8/Melody1/PerformanceModifiers1/Knob4,i,268
167305,/smc8/Melody1/PerformanceModifiers1/Knob4,i,263
167322,/smc8/Melody1/PerformanceModifiers1/Knob4,i,253
167338,/smc8/Melody1/PerformanceModifiers1/Knob4,i,248
167355,/smc8/Melody1/PerformanceModifiers1/Knob4,i,243
167371,/smc8/Melody1/PerformanceModifiers1/Knob4,i,233
167405,/smc8/Melody1/PerformanceModifiers1/Knob4,i,228
167439,/smc8/Melody1/PerformanceModifiers1/Knob4,i,222
167471,/smc8/Melody1/PerformanceModifiers1/Knob4,i,217
167505,/smc8/Melody1/PerformanceModifiers1/Knob4,i,212
167555,/smc8/Melody1/PerformanceModifiers1/Knob4,i,207
167738,/smc8/Melody1/PerformanceModifiers1/Knob4,i,202
167771,/smc8/Melody1/PerformanceModifiers1/Knob4,i,197
167822,/smc8/Melody1/PerformanceModifiers1/Knob4,i,192
167874,/smc8/Melody1/PerformanceModifiers1/Knob4,i,187
167908,/smc8/Melody1/PerformanceModifiers1/Knob4,i,182
167922,/smc8/Melody1/PerformanceModifiers1/Knob4,i,171
167939,/smc8/Melody1/PerformanceModifiers1/Knob4,i,166
167955,/smc8/Melody1/PerformanceModifiers1/Knob4,i,156
168071,/smc8/Melody1/PerformanceModifiers1/Knob4,i,161
168089,/smc8/Melody1/PerformanceModifiers1/Knob4,i,166
168105,/smc8/Melody1/PerformanceModifiers1/Knob4,i,171
168139,/smc8/Melody1/PerformanceModifiers1/Knob4,i,176
168155,/smc8/Melody1/PerformanceModifiers1/Knob4,i,182
168172,/smc8/Melody1/PerformanceModifiers1/Knob4,i,187
168188,/smc8/Melody1/PerformanceModifiers1/Knob4,i,192
168205,/smc8/Melody1/PerformanceModifiers1/Knob4,i,197
168221,/smc8/Melody1/PerformanceModifiers1/Knob4,i,202
168237,/smc8/Melody1/PerformanceModifiers1/Knob4,i,207
168254,/smc8/Melody1/PerformanceModifiers1/Knob4,i,212
168273,/smc8/Melody1/PerformanceModifiers1/Knob4,i,217
168905,/smc8/Melody1/PerformanceModifiers1/Knob4,i,776
170254,/smc8/Melody1/PerformanceModifiers1/Knob4,i,965
172188,/smc8/Melody1/PerformanceModifiers1/Knob4,i,511
173380,/smc8/Melody1/PerformanceModifiers1/Knob3,i,170
173994,/smc8/Melody1/PerformanceModifiers1/Knob3,i,341
176965,/smc8/Rhythm1/Sequencer1/Slider0,i,255
177849,/smc8/Rhythm1/Sequencer1/Slider1,i,85
177933,/smc8/Rhythm1/Sequencer1/Slider1,i,170
177967,/smc8/Rhythm1/Sequencer1/Slider1,i,255
177999,/smc8/Rhythm1/Sequencer1/Slider1,i,341
178380,/smc8/Rhythm1/Sequencer1/Slider1,i,255
179299,/smc8/Rhythm1/Sequencer1/Slider2,i,85
179399,/smc8/Rhythm1/Sequencer1/Slider2,i,170
179514,/smc8/Rhythm1/Sequencer1/Slider2,i,255
180399,/smc8/Rhythm1/Sequencer1/Slider3,i,85
180532,/smc8/Rhythm1/Sequencer1/Slider3,i,170
180581,/smc8/Rhythm1/Sequencer1/Slider3,i,255
180653,/smc8/Rhythm1/Sequencer1/Slider3,i,341
180956,/smc8/Rhythm1/Sequencer1/Slider3,i,255
181807,/smc8/Rhythm1/Sequencer1/Slider4,i,85
181974,/smc8/Rhythm1/Sequencer1/Slider4,i,170
182141,/smc8/Rhythm1/Sequencer1/Slider4,i,255
183040,/smc8/Rhythm1/Sequencer1/Slider5,i,85
183155,/smc8/Rhythm1/Sequencer1/Slider5,i,170
183240,/smc8/Rhythm1/Sequencer1/Slider5,i,255
184040,/smc8/Rhythm1/Sequencer1/Slider6,i,0
184224,/smc8/Rhythm1/Sequencer1/Slider6,i,85
184274,/smc8/Rhythm1/Sequencer1/Slider6,i,170
184339,/smc8/Rhythm1/Sequencer1/Slider6,i,255
184405,/smc8/Rhythm1/Sequencer1/Slider6,i,341
184642,/smc8/Rhythm1/Sequencer1/Slider6,i,255
185607,/smc8/Rhythm1/Sequencer1/Slider7,i,85
185773,/smc8/Rhythm1/Sequencer1/Slider7,i,170
185958,/smc8/Rhythm1/Sequencer1/Slider7,i,255
186975,/smc8/Rhythm1/Sequencer1/Slider0,i,255
187127,/smc8/Rhythm1/Sequencer1/Slider0,i,170
187191,/smc8/Rhythm1/Sequencer1/Slider0,i,85
189127,/smc8/Rhythm1/Sequencer1/Slider0,i,170
189174,/smc8/Rhythm1/Sequencer1/Slider0,i,255
189227,/smc8/Rhythm1/Sequencer1/Slider0,i,341
189340,/smc8/Rhythm1/Sequencer1/Slider0,i,426
192093,/smc8/Rhythm1/Sequencer1/Slider0,i,511
193941,/smc8/Rhythm1/Sequencer1/Slider0,i,596
195479,/smc8/Rhythm1/Sequencer1/Slider0,i,682
197915,/smc8/Rhythm1/Sequencer1/Slider2,i,255
198045,/smc8/Rhythm1/Sequencer1/Slider2,i,341
198096,/smc8/Rhythm1/Sequencer1/Slider2,i,426
198130,/smc8/Rhythm1/Sequencer1/Slider2,i,511
199438,/smc8/Rhythm1/Sequencer1/Slider2,i,426
201224,/smc8/Rhythm1/Sequencer1/Slider4,i,341
201522,/smc8/Rhythm1/Sequencer1/Slider4,i,426
201640,/smc8/Rhythm1/Sequencer1/Slider4,i,511
201690,/smc8/Rhythm1/Sequencer1/Slider4,i,596
201739,/smc8/Rhythm1/Sequencer1/Slider4,i,682
202856,/smc8/Rhythm1/Sequencer1/Slider6,i,255
202905,/smc8/Rhythm1/Sequencer1/Slider6,i,341
202956,/smc8/Rhythm1/Sequencer1/Slider6,i,426
203005,/smc8/Rhythm1/Sequencer1/Slider6,i,511
203222,/smc8/Rhythm1/Sequencer1/Slider6,i,426
204288,/smc8/Rhythm1/Sequencer1/Slider6,i,511
204306,/smc8/Rhythm1/Sequencer1/Slider6,i,596
204338,/smc8/Rhythm1/Sequencer1/Slider6,i,682
204522,/smc8/Rhythm1/Sequencer1/Slider6,i,767
207722,/smc8/Rhythm1/Sequencer1/Slider2,i,426
207838,/smc8/Rhythm1/Sequencer1/Slider2,i,511
207872,/smc8/Rhythm1/Sequencer1/Slider2,i,596
207906,/smc8/Rhythm1/Sequencer1/Slider2,i,682
208022,/smc8/Rhythm1/Sequencer1/Slider2,i,767
213089,/smc8/Rhythm1/PerformanceModifiers1/Knob0,i,506
213272,/smc8/Rhythm1/PerformanceModifiers1/Knob0,i,501
213287,/smc8/Rhythm1/PerformanceModifiers1/Knob0,i,496
213304,/smc8/Rhythm1/PerformanceModifiers1/Knob0,i,491
213337,/smc8/Rhythm1/PerformanceModifiers1/Knob0,i,486
213389,/smc8/Rhythm1/PerformanceModifiers1/Knob0,i,481
213472,/smc8/Rhythm1/PerformanceModifiers1/Knob0,i,476
213607,/smc8/Rhythm1/PerformanceModifiers1/Knob0,i,471
213873,/smc8/Rhythm1/PerformanceModifiers1/Knob0,i,465
213889,/smc8/Rhythm1/PerformanceModifiers1/Knob0,i,450
213906,/smc8/Rhythm1/PerformanceModifiers1/Knob0,i,435
213922,/smc8/Rhythm1/PerformanceModifiers1/Knob0,i,425
213938,/smc8/Rhythm1/PerformanceModifiers1/Knob0,i,419
213955,/smc8/Rhythm1/PerformanceModifiers1/Knob0,i,414
214005,/smc8/Rhythm1/PerformanceModifiers1/Knob0,i,419
214023,/smc8/Rhythm1/PerformanceModifiers1/Knob0,i,430
214039,/smc8/Rhythm1/PerformanceModifiers1/Knob0,i,440
214055,/smc8/Rhythm1/PerformanceModifiers1/Knob0,i,450
214089,/smc8/Rhythm1/PerformanceModifiers1/Knob0,i,455
214238,/smc8/Rhythm1/PerformanceModifiers1/Knob0,i,450
214272,/smc8/Rhythm1/PerformanceModifiers1/Knob0,i,445
214321,/smc8/Rhythm1/PerformanceModifiers1/Knob0,i,440
214405,/smc8/Rhythm1/PerformanceModifiers1/Knob0,i,435
214438,/smc8/Rhythm1/PerformanceModifiers1/Knob0,i,430
215120,/smc8/Rhythm1/PerformanceModifiers1/Knob0,i,779
215638,/smc8/Rhythm1/PerformanceModifiers1/Knob0,i,967
215640,/smc8/Rhythm1/PerformanceModifiers1/Knob0,i,962
216438,/smc8/Rhythm1/PerformanceModifiers1/Toggle1,i,1
221855,/smc8/Rhythm1/PerformanceModifiers1/Toggle1,i,0
222455,/smc8/Rhythm1/PerformanceModifiers1/Knob2,i,506
222588,/smc8/Rhythm1/PerformanceModifiers1/Knob2,i,496
222606,/smc8/Rhythm1/PerformanceModifiers1/Knob2,i,491
222623,/smc8/Rhythm1/PerformanceModifiers1/Knob2,i,481
222641,/smc8/Rhythm1/PerformanceModifiers1/Knob2,i,471
222656,/smc8/Rhythm1/PerformanceModifiers1/Knob2,i,465
222688,/smc8/Rhythm1/PerformanceModifiers1/Knob2,i,460
222706,/smc8/Rhythm1/PerformanceModifiers1/Knob2,i,455
222721,/smc8/Rhythm1/PerformanceModifiers1/Knob2,i,450
222773,/smc8/Rhythm1/PerformanceModifiers1/Knob2,i,445
222805,/smc8/Rhythm1/PerformanceModifiers1/Knob2,i,440
222839,/smc8/Rhythm1/PerformanceModifiers1/Knob2,i,435
222873,/smc8/Rhythm1/PerformanceModifiers1/Knob2,i,430
222905,/smc8/Rhythm1/PerformanceModifiers1/Knob2,i,425
222938,/smc8/Rhythm1/PerformanceModifiers1/Knob2,i,419
222955,/smc8/Rhythm1/PerformanceModifiers1/Knob2,i,414
223155,/smc8/Rhythm1/PerformanceModifiers1/Knob2,i,409
223290,/smc8/Rhythm1/PerformanceModifiers1/Knob2,i,414
223322,/smc8/Rhythm1/PerformanceModifiers1/Knob2,i,419
223373,/smc8/Rhythm1/PerformanceModifiers1/Knob2,i,425
223455,/smc8/Rhythm1/PerformanceModifiers1/Knob2,i,430
223554,/smc8/Rhythm1/PerformanceModifiers1/Knob2,i,435
223590,/smc8/Rhythm1/PerformanceModifiers1/Knob2,i,440
223623,/smc8/Rhythm1/PerformanceModifiers1/Knob2,i,445
223640,/smc8/Rhythm1/PerformanceModifiers1/Knob2,i,450
223690,/smc8/Rhythm1/PerformanceModifiers1/Knob2,i,455
224253,/smc8/Rhythm1/PerformanceModifiers1/Knob2,i,988
225816,/smc8/Rhythm1/PerformanceModifiers1/Knob2,i,117
228514,/smc8/Rhythm1/PerformanceModifiers1/Knob2,i,560
230114,/smc8/Rhythm1/PerformanceModifiers1/Knob2,i,997
232419,/smc8/Rhythm1/PerformanceModifiers1/Knob2,i,554
234372,/smc8/Melody1/PerformanceModifiers1/Knob3,i,341
234952,/smc8/Melody1/PerformanceModifiers1/Knob3,i,0
236054,/smc8/Melody1/PerformanceModifiers1/Knob3,i,170
236687,/smc8/Melody1/PerformanceModifiers1/Knob3,i,852
237519,/smc8/Melody1/PerformanceModifiers1/Knob3,i,682
238355,/smc8/Melody1/PerformanceModifiers1/Knob2,i,205
238372,/smc8/Melody1/PerformanceModifiers1/Knob2,i,189
238388,/smc8/Melody1/PerformanceModifiers1/Knob2,i,174
238404,/smc8/Melody1/PerformanceModifiers1/Knob2,i,153
238420,/smc8/Melody1/PerformanceModifiers1/Knob2,i,143
238437,/smc8/Melody1/PerformanceModifiers1/Knob2,i,133
238453,/smc8/Melody1/PerformanceModifiers1/Knob2,i,123
238472,/smc8/Melody1/PerformanceModifiers1/Knob2,i,118
238505,/smc8/Melody1/PerformanceModifiers1/Knob2,i,113
238738,/smc8/Melody1/PerformanceModifiers1/Knob2,i,118
238773,/smc8/Melody1/PerformanceModifiers1/Knob2,i,123
238789,/smc8/Melody1/PerformanceModifiers1/Knob2,i,133
238805,/smc8/Melody1/PerformanceModifiers1/Knob2,i,153
238821,/smc8/Melody1/PerformanceModifiers1/Knob2,i,174
238838,/smc8/Melody1/PerformanceModifiers1/Knob2,i,189
238854,/smc8/Melody1/PerformanceModifiers1/Knob2,i,210
238870,/smc8/Melody1/PerformanceModifiers1/Knob2,i,220
238887,/smc8/Melody1/PerformanceModifiers1/Knob2,i,235
238905,/smc8/Melody1/PerformanceModifiers1/Knob2,i,240
238919,/smc8/Melody1/PerformanceModifiers1/Knob2,i,246
238938,/smc8/Melody1/PerformanceModifiers1/Knob2,i,251
238954,/smc8/Melody1/PerformanceModifiers1/Knob2,i,256
239006,/smc8/Melody1/PerformanceModifiers1/Knob2,i,261
239037,/smc8/Melody1/PerformanceModifiers1/Knob2,i,266
239071,/smc8/Melody1/PerformanceModifiers1/Knob2,i,271
239155,/smc8/Melody1/PerformanceModifiers1/Knob2,i,276
239172,/smc8/Melody1/PerformanceModifiers1/Knob2,i,281
239186,/smc8/Melody1/PerformanceModifiers1/Knob2,i,286
239206,/smc8/Melody1/PerformanceModifiers1/Knob2,i,302
239221,/smc8/Melody1/PerformanceModifiers1/Knob2,i,312
239237,/smc8/Melody1/PerformanceModifiers1/Knob2,i,327
239254,/smc8/Melody1/PerformanceModifiers1/Knob2,i,332
239270,/smc8/Melody1/PerformanceModifiers1/Knob2,i,343
239303,/smc8/Melody1/PerformanceModifiers1/Knob2,i,348
239472,/smc8/Melody1/PerformanceModifiers1/Knob2,i,343
239537,/smc8/Melody1/PerformanceModifiers1/Knob2,i,338
239605,/smc8/Melody1/PerformanceModifiers1/Knob2,i,332
239654,/smc8/Melody1/PerformanceModifiers1/Knob2,i,327
239670,/smc8/Melody1/PerformanceModifiers1/Knob2,i,322
239687,/smc8/Melody1/PerformanceModifiers1/Knob2,i,317
239705,/smc8/Melody1/PerformanceModifiers1/Knob2,i,302
239721,/smc8/Melody1/PerformanceModifiers1/Knob2,i,292
239738,/smc8/Melody1/PerformanceModifiers1/Knob2,i,281
239754,/smc8/Melody1/PerformanceModifiers1/Knob2,i,271
239771,/smc8/Melody1/PerformanceModifiers1/Knob2,i,266
239788,/smc8/Melody1/PerformanceModifiers1/Knob2,i,256
239803,/smc8/Melody1/PerformanceModifiers1/Knob2,i,251
239820,/smc8/Melody1/PerformanceModifiers1/Knob2,i,235
239839,/smc8/Melody1/PerformanceModifiers1/Knob2,i,215
239855,/smc8/Melody1/PerformanceModifiers1/Knob2,i,184
239871,/smc8/Melody1/PerformanceModifiers1/Knob2,i,143
239887,/smc8/Melody1/PerformanceModifiers1/Knob2,i,97
239904,/smc8/Melody1/PerformanceModifiers1/Knob2,i,46
239921,/smc8/Melody1/PerformanceModifiers1/Knob2,i,0
240672,/smc8/Melody1/PerformanceModifiers1/Knob2,i,5
240689,/smc8/Melody1/PerformanceModifiers1/Knob2,i,15
240704,/smc8/Melody1/PerformanceModifiers1/Knob2,i,30
240721,/smc8/Melody1/PerformanceModifiers1/Knob2,i,40
240737,/smc8/Melody1/PerformanceModifiers1/Knob2,i,61
240753,/smc8/Melody1/PerformanceModifiers1/Knob2,i,71
240770,/smc8/Melody1/PerformanceModifiers1/Knob2,i,92
240786,/smc8/Melody1/PerformanceModifiers1/Knob2,i,97
240804,/smc8/Melody1/PerformanceModifiers1/Knob2,i,112
240821,/smc8/Melody1/PerformanceModifiers1/Knob2,i,122
240839,/smc8/Melody1/PerformanceModifiers1/Knob2,i,132
240855,/smc8/Melody1/PerformanceModifiers1/Knob2,i,138
240873,/smc8/Melody1/PerformanceModifiers1/Knob2,i,148
240890,/smc8/Melody1/PerformanceModifiers1/Knob2,i,153
240906,/smc8/Melody1/PerformanceModifiers1/Knob2,i,158
240921,/smc8/Melody1/PerformanceModifiers1/Knob2,i,163
240954,/smc8/Melody1/PerformanceModifiers1/Knob2,i,168
241906,/smc8/Melody1/PerformanceModifiers1/Knob4,i,506
241922,/smc8/Melody1/PerformanceModifiers1/Knob4,i,501
241938,/smc8/Melody1/PerformanceModifiers1/Knob4,i,496
241971,/smc8/Melody1/PerformanceModifiers1/Knob4,i,491
241987,/smc8/Melody1/PerformanceModifiers1/Knob4,i,485
242004,/smc8/Melody1/PerformanceModifiers1/Knob4,i,480
242022,/smc8/Melody1/PerformanceModifiers1/Knob4,i,475
242055,/smc8/Melody1/PerformanceModifiers1/Knob4,i,465
242071,/smc8/Melody1/PerformanceModifiers1/Knob4,i,460
242089,/smc8/Melody1/PerformanceModifiers1/Knob4,i,455
242120,/smc8/Melody1/PerformanceModifiers1/Knob4,i,450
242156,/smc8/Melody1/PerformanceModifiers1/Knob4,i,445
242237,/smc8/Melody1/PerformanceModifiers1/Knob4,i,439
242321,/smc8/Melody1/PerformanceModifiers1/Knob4,i,445
242372,/smc8/Melody1/PerformanceModifiers1/Knob4,i,450
242437,/smc8/Melody1/PerformanceModifiers1/Knob4,i,455
242572,/smc8/Melody1/PerformanceModifiers1/Knob4,i,450
242621,/smc8/Melody1/PerformanceModifiers1/Knob4,i,445
242686,/smc8/Melody1/PerformanceModifiers1/Knob4,i,434
242721,/smc8/Melody1/PerformanceModifiers1/Knob4,i,429
242737,/smc8/Melody1/PerformanceModifiers1/Knob4,i,419
242770,/smc8/Melody1/PerformanceModifiers1/Knob4,i,414
242789,/smc8/Melody1/PerformanceModifiers1/Knob4,i,409
242804,/smc8/Melody1/PerformanceModifiers1/Knob4,i,404
242822,/smc8/Melody1/PerformanceModifiers1/Knob4,i,398
242854,/smc8/Melody1/PerformanceModifiers1/Knob4,i,393
242870,/smc8/Melody1/PerformanceModifiers1/Knob4,i,388
242887,/smc8/Melody1/PerformanceModifiers1/Knob4,i,383
242905,/smc8/Melody1/PerformanceModifiers1/Knob4,i,378
242922,/smc8/Melody1/PerformanceModifiers1/Knob4,i,373
242938,/smc8/Melody1/PerformanceModifiers1/Knob4,i,368
242955,/smc8/Melody1/PerformanceModifiers1/Knob4,i,363
242972,/smc8/Melody1/PerformanceModifiers1/Knob4,i,352
242988,/smc8/Melody1/PerformanceModifiers1/Knob4,i,342
243004,/smc8/Melody1/PerformanceModifiers1/Knob4,i,332
243021,/smc8/Melody1/PerformanceModifiers1/Knob4,i,322
243038,/smc8/Melody1/PerformanceModifiers1/Knob4,i,312
243053,/smc8/Melody1/PerformanceModifiers1/Knob4,i,301
243071,/smc8/Melody1/PerformanceModifiers1/Knob4,i,286
243087,/smc8/Melody1/PerformanceModifiers1/Knob4,i,276
243105,/smc8/Melody1/PerformanceModifiers1/Knob4,i,265
243121,/smc8/Melody1/PerformanceModifiers1/Knob4,i,255
243139,/smc8/Melody1/PerformanceModifiers1/Knob4,i,245
243155,/smc8/Melody1/PerformanceModifiers1/Knob4,i,240
243173,/smc8/Melody1/PerformanceModifiers1/Knob4,i,230
243189,/smc8/Melody1/PerformanceModifiers1/Knob4,i,225
243206,/smc8/Melody1/PerformanceModifiers1/Knob4,i,214
243221,/smc8/Melody1/PerformanceModifiers1/Knob4,i,209
243237,/smc8/Melody1/PerformanceModifiers1/Knob4,i,204
243254,/smc8/Melody1/PerformanceModifiers1/Knob4,i,199
243271,/smc8/Melody1/PerformanceModifiers1/Knob4,i,194
243305,/smc8/Melody1/PerformanceModifiers1/Knob4,i,189
243338,/smc8/Melody1/PerformanceModifiers1/Knob4,i,184
243654,/smc8/Melody1/PerformanceModifiers1/Knob4,i,179
244104,/smc8/Melody1/PerformanceModifiers1/Knob4,i,173
244788,/smc8/Melody1/PerformanceModifiers1/Knob4,i,168
244806,/smc8/Melody1/PerformanceModifiers1/Knob4,i,158
244838,/smc8/Melody1/PerformanceModifiers1/Knob4,i,153
244970,/smc8/Melody1/PerformanceModifiers1/Knob4,i,158
244988,/smc8/Melody1/PerformanceModifiers1/Knob4,i,163
245004,/smc8/Melody1/PerformanceModifiers1/Knob4,i,168
245020,/smc8/Melody1/PerformanceModifiers1/Knob4,i,173
245040,/smc8/Melody1/PerformanceModifiers1/Knob4,i,184
245055,/smc8/Melody1/PerformanceModifiers1/Knob4,i,189
245073,/smc8/Melody1/PerformanceModifiers1/Knob4,i,199
245087,/smc8/Melody1/PerformanceModifiers1/Knob4,i,209
245105,/smc8/Melody1/PerformanceModifiers1/Knob4,i,214
245122,/smc8/Melody1/PerformanceModifiers1/Knob4,i,225
245138,/smc8/Melody1/PerformanceModifiers1/Knob4,i,240
245154,/smc8/Melody1/PerformanceModifiers1/Knob4,i,245
245170,/smc8/Melody1/PerformanceModifiers1/Knob4,i,255
245186,/smc8/Melody1/PerformanceModifiers1/Knob4,i,265
245205,/smc8/Melody1/PerformanceModifiers1/Knob4,i,271
245222,/smc8/Melody1/PerformanceModifiers1/Knob4,i,276
245239,/smc8/Melody1/PerformanceModifiers1/Knob4,i,281
245455,/smc8/Melody1/PerformanceModifiers1/Knob4,i,286
245489,/smc8/Melody1/PerformanceModifiers1/Knob4,i,291
245506,/smc8/Melody1/PerformanceModifiers1/Knob4,i,296
245522,/smc8/Melody1/PerformanceModifiers1/Knob4,i,301
245537,/smc8/Melody1/PerformanceModifiers1/Knob4,i,306
245554,/smc8/Melody1/PerformanceModifiers1/Knob4,i,312
245571,/smc8/Melody1/PerformanceModifiers1/Knob4,i,317
245603,/smc8/Melody1/PerformanceModifiers1/Knob4,i,322
247004,/smc8/Melody1/PerformanceModifiers1/Knob4,i,317
247021,/smc8/Melody1/PerformanceModifiers1/Knob4,i,312
247038,/smc8/Melody1/PerformanceModifiers1/Knob4,i,301
247056,/smc8/Melody1/PerformanceModifiers1/Knob4,i,286
247070,/smc8/Melody1/PerformanceModifiers1/Knob4,i,281
247089,/smc8/Melody1/PerformanceModifiers1/Knob4,i,271
247105,/smc8/Melody1/PerformanceModifiers1/Knob4,i,265
247121,/smc8/Melody1/PerformanceModifiers1/Knob4,i,260
247139,/smc8/Melody1/PerformanceModifiers1/Knob4,i,255
247173,/smc8/Melody1/PerformanceModifiers1/Knob4,i,250
247189,/smc8/Melody1/PerformanceModifiers1/Knob4,i,245
247221,/smc8/Melody1/PerformanceModifiers1/Knob4,i,240
247254,/smc8/Melody1/PerformanceModifiers1/Knob4,i,235
247271,/smc8/Melody1/PerformanceModifiers1/Knob4,i,230
247304,/smc8/Melody1/PerformanceModifiers1/Knob4,i,225
247323,/smc8/Melody1/PerformanceModifiers1/Knob4,i,219
247338,/smc8/Melody1/PerformanceModifiers1/Knob4,i,214
247373,/smc8/Melody1/PerformanceModifiers1/Knob4,i,209
247405,/smc8/Melody1/PerformanceModifiers1/Knob4,i,204
247437,/smc8/Melody1/PerformanceModifiers1/Knob4,i,199
247472,/smc8/Melody1/PerformanceModifiers1/Knob4,i,194
247505,/smc8/Melody1/PerformanceModifiers1/Knob4,i,189
247589,/smc8/Melody1/PerformanceModifiers1/Knob4,i,184
247887,/smc8/Melody1/PerformanceModifiers1/Knob4,i,189
247904,/smc8/Melody1/PerformanceModifiers1/Knob4,i,194
248720,/smc8/Melody1/PerformanceModifiers1/Knob4,i,1023
251987,/smc8/Melody1/PerformanceModifiers1/Knob4,i,19
253206,/smc8/Melody1/PerformanceModifiers1/Knob3,i,682
254821,/smc8/Melody1/PerformanceModifiers1/Knob3,i,511
255957,/smc8/Melody1/PerformanceModifiers1/Knob4,i,1001
256933,/smc8/Melody1/PerformanceModifiers1/Knob4,i,497
258495,/smc8/Melody1/PerformanceModifiers1/Knob3,i,341
259445,/smc8/Melody1/PerformanceModifiers1/Knob4,i,96
260309,/smc8/Melody1/PerformanceModifiers1/Knob4,i,803
262179,/smc8/Melody1/PerformanceModifiers1/Knob1,i,651
263012,/smc8/Melody1/PerformanceModifiers1/Knob1,i,837
263562,/smc8/Melody1/PerformanceModifiers1/Knob0,i,341
264110,/smc8/Melody1/PerformanceModifiers1/Knob0,i,682
265512,/smc8/Melody1/PerformanceModifiers1/Knob0,i,1023
267145,/smc8/Melody1/PerformanceModifiers1/Knob0,i,341
268694,/smc8/Melody1/SoundModifiers1/Knob0,i,1023
269644,/smc8/Melody1/SoundModifiers1/Knob0,i,682
272520,/smc8/Melody1/SoundModifiers1/Knob1,i,511
274771,/smc8/Melody1/SoundModifiers1/Knob2,i,20
276622,/smc8/Melody1/SoundModifiers1/Knob2,i,438
277472,/smc8/Melody1/SoundModifiers1/Toggle0,i,1
278839,/smc8/Melody1/SoundModifiers1/Knob2,i,511
279506,/smc8/Melody1/SoundModifiers1/Toggle1,i,1
280120,/smc8/Melody1/SoundModifiers1/Toggle3,i,1
280654,/smc8/Melody1/SoundModifiers1/Toggle2,i,1
284204,/smc8/Melody1/SoundModifiers1/Toggle0,i,0
285107,/smc8/Melody1/SoundModifiers1/Toggle1,i,0
285723,/smc8/Melody1/SoundModifiers1/Toggle3,i,0
286208,/smc8/Melody1/SoundModifiers1/Toggle2,i,0
286874,/smc8/Melody1/SoundModifiers1/Toggle1,i,1
290192,/smc8/Rhythm1/SoundModifiers1/Toggle2,i,1
292863,/smc8/Rhythm1/PerformanceModifiers1/Toggle1,i,1
297128,/smc8/Rhythm1/SoundModifiers1/Toggle1,i,1
298462,/smc8/Rhythm1/SoundModifiers1/Toggle3,i,1
300747,/smc8/Rhythm1/SoundModifiers1/Toggle0,i,1
302478,/smc8/Rhythm1/SoundModifiers1/Toggle1,i,0
303229,/smc8/Rhythm1/SoundModifiers1/Toggle3,i,0
304162,/smc8/Rhythm1/SoundModifiers1/Toggle0,i,0
305562,/smc8/Rhythm1/SoundModifiers1/Toggle2,i,0
307233,/smc8/Rhythm1/Sequencer1/Slider7,i,255
307467,/smc8/Rhythm1/Sequencer1/Slider7,i,341
307667,/smc8/Rhythm1/Sequencer1/Slider7,i,426
309700,/smc8/Rhythm1/Sequencer1/Slider7,i,511
309733,/smc8/Rhythm1/Sequencer1/Slider7,i,596
309751,/smc8/Rhythm1/Sequencer1/Slider7,i,682
309767,/smc8/Rhythm1/Sequencer1/Slider7,i,767
309799,/smc8/Rhythm1/Sequencer1/Slider7,i,852
309882,/smc8/Rhythm1/Sequencer1/Slider7,i,937
311916,/smc8/Rhythm1/Sequencer1/Slider7,i,852
311965,/smc8/Rhythm1/Sequencer1/Slider7,i,937
312183,/smc8/Rhythm1/Sequencer1/Slider7,i,1023
314767,/smc8/Melody1/Sequencer1/Slider0,i,255
314867,/smc8/Melody1/Sequencer1/Slider0,i,341
314882,/smc8/Melody1/Sequencer1/Slider0,i,426
314917,/smc8/Melody1/Sequencer1/Slider0,i,511
314998,/smc8/Melody1/Sequencer1/Slider0,i,596
315566,/smc8/Melody1/Sequencer1/Slider1,i,170
315651,/smc8/Melody1/Sequencer1/Slider1,i,255
316349,/smc8/Melody1/Sequencer1/Slider2,i,426
316467,/smc8/Melody1/Sequencer1/Slider2,i,511
316499,/smc8/Melody1/Sequencer1/Slider2,i,596
316516,/smc8/Melody1/Sequencer1/Slider2,i,682
316549,/smc8/Melody1/Sequencer1/Slider2,i,767
317261,/smc8/Melody1/Sequencer1/Slider3,i,596
317444,/smc8/Melody1/Sequencer1/Slider3,i,511
318151,/smc8/Melody1/Sequencer1/Slider4,i,682
319867,/smc8/Console0/Broadcast0/Knob1,i,359
322150,/smc8/Console0/Broadcast0/Toggle2,i,1
327652,/smc8/Console0/Broadcast0/Toggle2,i,0
329934,/smc8/Console0/Broadcast0/Toggle2,i,1
331035,/smc8/Console0/Broadcast0/Toggle2,i,0
332953,/smc8/Melody1/SoundModifiers1/Knob1,i,0
335055,/smc8/Melody1/SoundModifiers1/Knob1,i,511
335837,/smc8/Melody1/SoundModifiers1/Knob1,i,1023
337454,/smc8/Melody1/SoundModifiers1/Knob1,i,511
338237,/smc8/Melody1/SoundModifiers1/Knob1,i,0
339123,/smc8/Melody1/SoundModifiers1/Knob0,i,682
339357,/smc8/Melody1/SoundModifiers1/Knob0,i,341
341243,/smc8/Melody1/SoundModifiers1/Knob0,i,682
341391,/smc8/Melody1/SoundModifiers1/Knob0,i,341
342881,/smc8/Melody1/SoundModifiers1/Knob0,i,682
344294,/smc8/Console0/Broadcast0/Knob1,i,969
344499,/smc8/Console0/Broadcast0/Knob1,i,959
344517,/smc8/Console0/Broadcast0/Knob1,i,954
344534,/smc8/Console0/Broadcast0/Knob1,i,949
344549,/smc8/Console0/Broadcast0/Knob1,i,939
344566,/smc8/Console0/Broadcast0/Knob1,i,923
344582,/smc8/Console0/Broadcast0/Knob1,i,913
344599,/smc8/Console0/Broadcast0/Knob1,i,908
344615,/smc8/Console0/Broadcast0/Knob1,i,898
344651,/smc8/Console0/Broadcast0/Knob1,i,893
344665,/smc8/Console0/Broadcast0/Knob1,i,887
344966,/smc8/Console0/Broadcast0/Knob1,i,882
344999,/smc8/Console0/Broadcast0/Knob1,i,877
345184,/smc8/Console0/Broadcast0/Knob1,i,872
345216,/smc8/Console0/Broadcast0/Knob1,i,867
345232,/smc8/Console0/Broadcast0/Knob1,i,857
345249,/smc8/Console0/Broadcast0/Knob1,i,847
345301,/smc8/Console0/Broadcast0/Knob1,i,852
345317,/smc8/Console0/Broadcast0/Knob1,i,867
345334,/smc8/Console0/Broadcast0/Knob1,i,882
345349,/smc8/Console0/Broadcast0/Knob1,i,887
345367,/smc8/Console0/Broadcast0/Knob1,i,898
345384,/smc8/Console0/Broadcast0/Knob1,i,903
345400,/smc8/Console0/Broadcast0/Knob1,i,908
345481,/smc8/Console0/Broadcast0/Knob1,i,913
345517,/smc8/Console0/Broadcast0/Knob1,i,918
345534,/smc8/Console0/Broadcast0/Knob1,i,923
345566,/smc8/Console0/Broadcast0/Knob1,i,928
345599,/smc8/Console0/Broadcast0/Knob1,i,934
345727,/smc8/Console0/Broadcast0/Knob1,i,913
345744,/smc8/Console0/Broadcast0/Knob1,i,903
345760,/smc8/Console0/Broadcast0/Knob1,i,898
345825,/smc8/Console0/Broadcast0/Knob1,i,908
345842,/smc8/Console0/Broadcast0/Knob1,i,918
345859,/smc8/Console0/Broadcast0/Knob1,i,928
345875,/smc8/Console0/Broadcast0/Knob1,i,934
345894,/smc8/Console0/Broadcast0/Knob1,i,939
345926,/smc8/Console0/Broadcast0/Knob1,i,944
345960,/smc8/Console0/Broadcast0/Knob1,i,949
345993,/smc8/Console0/Broadcast0/Knob1,i,954
346009,/smc8/Console0/Broadcast0/Knob1,i,959
346045,/smc8/Console0/Broadcast0/Knob1,i,969
346059,/smc8/Console0/Broadcast0/Knob1,i,974
346075,/smc8/Console0/Broadcast0/Knob1,i,985
346092,/smc8/Console0/Broadcast0/Knob1,i,995
346110,/smc8/Console0/Broadcast0/Knob1,i,1005
346126,/smc8/Console0/Broadcast0/Knob1,i,1010
346144,/smc8/Console0/Broadcast0/Knob1,i,1020
346177,/smc8/Console0/Broadcast0/Knob1,i,1023
346359,/smc8/Console0/Broadcast0/Knob1,i,1012
346377,/smc8/Console0/Broadcast0/Knob1,i,992
346994,/smc8/Console0/Broadcast0/Knob1,i,589
347732,/smc8/Console0/Broadcast0/Knob1,i,438
348238,/smc8/Console0/Broadcast0/Knob1,i,306
348553,/smc8/Console0/Broadcast0/Knob1,i,199
348839,/smc8/Console0/Broadcast0/Knob1,i,160
349911,/smc8/Console0/Broadcast0/Knob0,i,271
350463,/smc8/Console0/Broadcast0/Knob0,i,761
353235,/smc8/Rhythm1/Sequencer1/Slider1,i,255
353354,/smc8/Rhythm1/Sequencer1/Slider1,i,341
353435,/smc8/Rhythm1/Sequencer1/Slider1,i,426
354902,/smc8/Rhythm1/Sequencer1/Slider4,i,682
354985,/smc8/Rhythm1/Sequencer1/Slider4,i,767
355021,/smc8/Rhythm1/Sequencer1/Slider4,i,852
355054,/smc8/Rhythm1/Sequencer1/Slider4,i,937
356103,/smc8/Rhythm1/Sequencer1/Slider6,i,767
356219,/smc8/Rhythm1/Sequencer1/Slider6,i,682
356288,/smc8/Rhythm1/Sequencer1/Slider6,i,596
356570,/smc8/Rhythm1/Sequencer1/Slider6,i,511
